id,short_name,full_name,nation,club,position,preferred_foot,tier,ovr,age,height_cm,weight_kg,weak_foot,skill_moves,work_rate,league,image,image_type,data_version,stats_pac,stats_sho,stats_pas,stats_dri,stats_def,stats_phy
mvm_001,Cristiano Ronaldo,Cristiano Ronaldo dos Santos Aveiro,Portugal,Al Nassr,ST,Right,Gold,88,34,185,81,5,2,High/Low,Custom MVMPACK 2026,images/player_001.png,original illustrated portrait asset,MVMPACK-2026.08-v1,90,96,74,89,32,84
mvm_002,Kylian Mbappé,Kylian Mbappé Lottin,France,Real Madrid,ST,Right,Gold,88,37,185,71,4,5,High/Low,Custom MVMPACK 2026,images/player_002.png,original illustrated portrait asset,MVMPACK-2026.08-v1,92,98,74,88,31,87
mvm_003,Erling Haaland,Erling Braut Haaland,Norway,Manchester City,ST,Left,Gold,87,36,187,82,4,2,High/Low,Custom MVMPACK 2026,images/player_003.png,original illustrated portrait asset,MVMPACK-2026.08-v1,88,95,67,88,25,86
mvm_004,Jude Bellingham,Jude Victor William Bellingham,England,Real Madrid,CM,Right,Gold,86,32,178,74,3,5,High/High,Custom MVMPACK 2026,images/player_004.png,original illustrated portrait asset,MVMPACK-2026.08-v1,79,65,89,86,74,78
mvm_005,Vinícius Jr.,Vinícius José Paixão de Oliveira Júnior,Brazil,Real Madrid,LW,Right,Gold,85,28,180,69,4,4,High/Low,Custom MVMPACK 2026,images/player_005.png,original illustrated portrait asset,MVMPACK-2026.08-v1,99,85,81,96,35,61
mvm_006,Florian Wirtz,Florian Richard Wirtz,Germany,Liverpool,CAM,Right,Gold,85,29,178,74,2,3,Medium/High,Custom MVMPACK 2026,images/player_006.png,original illustrated portrait asset,MVMPACK-2026.08-v1,84,77,85,96,39,65
mvm_007,Rafael Leão,Rafael Alexandre da Conceição Leão,Portugal,AC Milan,LW,Right,Gold,84,33,172,69,5,2,High/Low,Custom MVMPACK 2026,images/player_007.png,original illustrated portrait asset,MVMPACK-2026.08-v1,94,86,83,92,31,64
mvm_008,Rúben Dias,Rúben Santos Gato Alves Dias,Portugal,Manchester City,CB,Right,Gold,84,38,182,76,2,5,Medium/High,Custom MVMPACK 2026,images/player_008.png,original illustrated portrait asset,MVMPACK-2026.08-v1,75,33,70,65,84,86
mvm_009,Rodri,Rodrigo Hernández Cascante,Spain,Manchester City,CDM,Right,Gold,84,33,187,77,4,2,High/High,Custom MVMPACK 2026,images/player_009.png,original illustrated portrait asset,MVMPACK-2026.08-v1,64,50,81,74,87,85
mvm_010,Achraf Hakimi,Achraf Hakimi Mouh,Morocco,Paris Saint-Germain,RB,Right,Gold,84,39,179,75,4,2,Medium/High,Custom MVMPACK 2026,images/player_010.png,original illustrated portrait asset,MVMPACK-2026.08-v1,90,51,75,81,75,73
mvm_011,Ousmane Dembélé,Ousmane Dembélé,France,Paris Saint-Germain,RW,Left,Gold,84,28,174,73,5,5,High/Low,Custom MVMPACK 2026,images/player_011.png,original illustrated portrait asset,MVMPACK-2026.08-v1,97,79,82,94,31,56
mvm_012,Lautaro Martínez,Lautaro Javier Martínez,Argentina,Inter Milan,ST,Right,Gold,84,34,187,76,5,3,High/Low,Custom MVMPACK 2026,images/player_012.png,original illustrated portrait asset,MVMPACK-2026.08-v1,88,95,67,90,29,87
mvm_013,Mohamed Salah,Mohamed Salah Hamed Mahrous Ghaly,Egypt,Liverpool,RW,Left,Gold,84,34,177,67,2,5,High/Low,Custom MVMPACK 2026,images/player_013.png,original illustrated portrait asset,MVMPACK-2026.08-v1,98,85,82,98,28,61
mvm_014,Harry Kane,Harry Edward Kane,England,Bayern Munich,ST,Right,Gold,84,31,181,78,2,4,High/Low,Custom MVMPACK 2026,images/player_014.png,original illustrated portrait asset,MVMPACK-2026.08-v1,88,90,70,89,23,88
mvm_015,Kevin De Bruyne,Kevin De Bruyne,Belgium,Manchester City,CM,Right,Gold,83,30,171,77,5,3,High/High,Custom MVMPACK 2026,images/player_015.png,original illustrated portrait asset,MVMPACK-2026.08-v1,72,61,94,80,67,69
mvm_016,Lionel Messi,Lionel Andrés Messi Cuccittini,Argentina,Inter Miami,RW,Left,Gold,83,32,184,73,3,5,High/Low,Custom MVMPACK 2026,images/player_016.png,original illustrated portrait asset,MVMPACK-2026.08-v1,99,85,78,95,32,57
mvm_017,Lamine Yamal,Lamine Yamal Nasraoui Ebana,Spain,Barcelona,RW,Left,Gold,82,25,176,66,3,4,High/Low,Custom MVMPACK 2026,images/player_017.png,original illustrated portrait asset,MVMPACK-2026.08-v1,97,83,83,94,31,59
mvm_018,Pedri,Pedri González López,Spain,Barcelona,CM,Right,Gold,83,27,182,70,2,3,High/High,Custom MVMPACK 2026,images/player_018.png,original illustrated portrait asset,MVMPACK-2026.08-v1,71,60,87,83,74,75
mvm_019,Bukayo Saka,Bukayo Saka,England,Arsenal,RW,Left,Gold,82,30,176,70,3,5,High/Low,Custom MVMPACK 2026,images/player_019.png,original illustrated portrait asset,MVMPACK-2026.08-v1,97,81,80,99,28,56
mvm_020,Federico Valverde,Federico Santiago Valverde Dipetta,Uruguay,Real Madrid,CM,Right,Gold,82,31,175,77,2,3,High/High,Custom MVMPACK 2026,images/player_020.png,original illustrated portrait asset,MVMPACK-2026.08-v1,75,57,90,85,65,75
mvm_021,William Saliba,William Alain André Gabriel Saliba,France,Arsenal,CB,Right,Gold,82,26,184,78,5,2,Medium/High,Custom MVMPACK 2026,images/player_021.png,original illustrated portrait asset,MVMPACK-2026.08-v1,69,31,63,62,91,88
mvm_022,Mike Maignan,Vincent Jean Mpasi Nkounkou,France,AC Milan,GK,Right,Gold,82,24,195,79,4,3,Medium/High,Custom MVMPACK 2026,images/player_022.png,original illustrated portrait asset,MVMPACK-2026.08-v1,67,27,54,60,23,73
mvm_023,Gianluigi Donnarumma,Gianluigi Donnarumma,Italy,Paris Saint-Germain,GK,Left,Gold,82,32,190,75,4,3,Medium/High,Custom MVMPACK 2026,images/player_023.png,original illustrated portrait asset,MVMPACK-2026.08-v1,65,26,57,53,23,70
mvm_024,Antoine Griezmann,Antoine Griezmann,France,Atlético Madrid,CF,Left,Gold,82,29,185,78,4,2,Medium/High,Custom MVMPACK 2026,images/player_024.png,original illustrated portrait asset,MVMPACK-2026.08-v1,84,84,83,93,32,75
mvm_025,Robert Lewandowski,Robert Lewandowski,Poland,Barcelona,ST,Right,Gold,82,28,187,75,3,2,High/Low,Custom MVMPACK 2026,images/player_025.png,original illustrated portrait asset,MVMPACK-2026.08-v1,90,92,63,87,23,83
mvm_026,Jamal Musiala,Jamal Musiala,Germany,Bayern Munich,CAM,Right,Gold,82,28,181,69,2,4,Medium/High,Custom MVMPACK 2026,images/player_026.png,original illustrated portrait asset,MVMPACK-2026.08-v1,77,80,91,92,35,61
mvm_027,Phil Foden,Phil Foden,England,Manchester City,CAM,Left,Gold,81,22,172,71,2,2,Medium/High,Custom MVMPACK 2026,images/player_027.png,original illustrated portrait asset,MVMPACK-2026.08-v1,81,78,85,96,33,60
mvm_028,Cole Palmer,Cole Palmer,England,Chelsea,CAM,Left,Gold,81,28,173,64,2,3,Medium/High,Custom MVMPACK 2026,images/player_028.png,original illustrated portrait asset,MVMPACK-2026.08-v1,78,75,88,90,35,60
mvm_029,Martin Ødegaard,Martin Ødegaard,Norway,Arsenal,CM,Left,Gold,81,26,173,75,5,2,High/High,Custom MVMPACK 2026,images/player_029.png,original illustrated portrait asset,MVMPACK-2026.08-v1,70,60,84,81,68,71
mvm_030,Bruno Fernandes,Bruno Miguel Borges Fernandes,Portugal,Manchester United,CAM,Right,Gold,81,27,173,78,3,4,Medium/High,Custom MVMPACK 2026,images/player_030.png,original illustrated portrait asset,MVMPACK-2026.08-v1,84,77,82,93,33,62
mvm_031,Bernardo Silva,Bernardo Silva,Portugal,Manchester City,CAM,Left,Gold,81,21,179,76,5,3,Medium/High,Custom MVMPACK 2026,images/player_031.png,original illustrated portrait asset,MVMPACK-2026.08-v1,80,76,86,93,37,61
mvm_032,Joshua Kimmich,Joshua Kimmich,Germany,Bayern Munich,CDM,Right,Gold,81,22,175,72,5,4,High/High,Custom MVMPACK 2026,images/player_032.png,original illustrated portrait asset,MVMPACK-2026.08-v1,69,55,83,75,83,83
mvm_033,Virgil van Dijk,Virgil van Dijk,Netherlands,Liverpool,CB,Right,Gold,81,24,189,79,4,4,Medium/High,Custom MVMPACK 2026,images/player_033.png,original illustrated portrait asset,MVMPACK-2026.08-v1,73,36,65,59,83,89
mvm_034,Trent Alexander-Arnold,Trent John Alexander-Arnold,England,Real Madrid,RB,Right,Gold,81,22,182,68,4,3,Medium/High,Custom MVMPACK 2026,images/player_034.png,original illustrated portrait asset,MVMPACK-2026.08-v1,85,48,78,77,76,72
mvm_035,Alessandro Bastoni,Alessandro Bastoni,Italy,Inter Milan,CB,Left,Gold,81,31,188,77,5,5,Medium/High,Custom MVMPACK 2026,images/player_035.png,original illustrated portrait asset,MVMPACK-2026.08-v1,69,32,67,55,84,85
mvm_036,Federico Dimarco,Federico Dimarco,Italy,Inter Milan,LB,Left,Gold,80,30,175,66,3,5,Medium/High,Custom MVMPACK 2026,images/player_036.png,original illustrated portrait asset,MVMPACK-2026.08-v1,79,45,71,80,76,74
mvm_037,Nuno Mendes,Nuno Alexandre Tavares Mendes,Portugal,Paris Saint-Germain,LB,Left,Gold,80,27,173,74,3,2,Medium/High,Custom MVMPACK 2026,images/player_037.png,original illustrated portrait asset,MVMPACK-2026.08-v1,83,45,70,78,76,78
mvm_038,Khvicha Kvaratskhelia,Khvicha Kvaratskhelia,Georgia,Paris Saint-Germain,LW,Right,Gold,80,24,180,80,4,4,High/Low,Custom MVMPACK 2026,images/player_038.png,original illustrated portrait asset,MVMPACK-2026.08-v1,90,84,81,96,31,55
mvm_039,Randal Kolo Muani,Randal Kolo Muani,France,Juventus,ST,Right,Gold,80,29,180,70,5,3,High/Low,Custom MVMPACK 2026,images/player_039.png,original illustrated portrait asset,MVMPACK-2026.08-v1,86,95,63,83,25,79
mvm_040,Désiré Doué,Désiré Doué,France,Paris Saint-Germain,CAM,Right,Gold,80,29,180,69,2,4,Medium/High,Custom MVMPACK 2026,images/player_040.png,original illustrated portrait asset,MVMPACK-2026.08-v1,78,78,86,95,38,60
mvm_041,Michael Olise,Michael Akpovie Olise,France,Bayern Munich,RW,Left,Gold,80,33,180,67,3,4,High/Low,Custom MVMPACK 2026,images/player_041.png,original illustrated portrait asset,MVMPACK-2026.08-v1,92,83,78,99,32,52
mvm_042,Xavi Simons,Xavi Simons,Netherlands,RB Leipzig,CAM,Right,Gold,80,26,175,78,4,3,Medium/High,Custom MVMPACK 2026,images/player_042.png,original illustrated portrait asset,MVMPACK-2026.08-v1,79,78,87,96,34,55
mvm_043,João Neves,João Pedro Gonçalves Neves,Portugal,Paris Saint-Germain,CM,Right,Gold,80,29,178,66,4,2,High/High,Custom MVMPACK 2026,images/player_043.png,original illustrated portrait asset,MVMPACK-2026.08-v1,73,56,88,78,66,73
mvm_044,Vitinha,Vitinha,Portugal,Paris Saint-Germain,CM,Right,Gold,80,25,177,71,2,2,High/High,Custom MVMPACK 2026,images/player_044.png,original illustrated portrait asset,MVMPACK-2026.08-v1,75,58,86,80,69,70
mvm_045,Julián Álvarez,Julián Álvarez,Argentina,Atlético Madrid,ST,Right,Gold,80,32,184,72,3,4,High/Low,Custom MVMPACK 2026,images/player_045.png,original illustrated portrait asset,MVMPACK-2026.08-v1,86,95,63,86,27,84
mvm_046,Alexander Isak,Alexander Isak,Sweden,Liverpool,ST,Right,Gold,80,23,183,76,4,5,High/Low,Custom MVMPACK 2026,images/player_046.png,original illustrated portrait asset,MVMPACK-2026.08-v1,82,89,61,87,23,78
mvm_047,Victor Osimhen,Victor Osimhen,Nigeria,Galatasaray,ST,Right,Gold,80,26,180,70,5,5,High/Low,Custom MVMPACK 2026,images/player_047.png,original illustrated portrait asset,MVMPACK-2026.08-v1,87,88,67,86,28,83
mvm_048,Declan Rice,Declan Rice,England,Arsenal,CDM,Right,Gold,80,31,175,78,2,4,High/High,Custom MVMPACK 2026,images/player_048.png,original illustrated portrait asset,MVMPACK-2026.08-v1,65,54,86,76,80,76
mvm_049,William Carvalho,William Carvalho,Portugal,Real Betis,CDM,Right,Gold,80,23,182,82,5,3,High/High,Custom MVMPACK 2026,images/player_049.png,original illustrated portrait asset,MVMPACK-2026.08-v1,62,52,78,71,79,80
mvm_050,Joško Gvardiol,Joško Gvardiol,Croatia,Manchester City,CB,Left,Gold,80,28,192,78,5,3,Medium/High,Custom MVMPACK 2026,images/player_050.png,original illustrated portrait asset,MVMPACK-2026.08-v1,77,38,69,57,89,89
mvm_051,Antonio Rüdiger,Antonio Rüdiger,Germany,Real Madrid,CB,Right,Gold,80,25,194,86,4,5,Medium/High,Custom MVMPACK 2026,images/player_051.png,original illustrated portrait asset,MVMPACK-2026.08-v1,75,35,62,57,83,90
mvm_052,Thibaut Courtois,Thibaut Courtois,Belgium,Real Madrid,GK,Left,Gold,80,33,190,80,5,5,Medium/High,Custom MVMPACK 2026,images/player_052.png,original illustrated portrait asset,MVMPACK-2026.08-v1,67,30,56,59,20,74
mvm_053,Emiliano Martínez,Emiliano Martínez,Argentina,Aston Villa,GK,Right,Gold,80,22,197,77,2,2,Medium/High,Custom MVMPACK 2026,images/player_053.png,original illustrated portrait asset,MVMPACK-2026.08-v1,63,25,54,56,22,67
mvm_054,Theo Hernández,Theo Bernard François Hernández,France,AC Milan,LB,Left,Gold,80,24,175,73,2,2,Medium/High,Custom MVMPACK 2026,images/player_054.png,original illustrated portrait asset,MVMPACK-2026.08-v1,87,45,75,74,75,76
mvm_055,Nicolò Barella,Nicolò Barella,Italy,Inter Milan,CM,Right,Gold,80,30,177,70,2,2,High/High,Custom MVMPACK 2026,images/player_055.png,original illustrated portrait asset,MVMPACK-2026.08-v1,71,60,88,82,68,74
mvm_056,Khéphren Thuram,Khéphren Thuram,France,Juventus,CM,Right,Gold,80,25,174,77,2,3,High/High,Custom MVMPACK 2026,images/player_056.png,original illustrated portrait asset,MVMPACK-2026.08-v1,69,55,88,80,67,70
mvm_057,Cody Gakpo,Cody Gakpo,Netherlands,Liverpool,LW,Right,Gold,80,26,181,77,4,2,High/Low,Custom MVMPACK 2026,images/player_057.png,original illustrated portrait asset,MVMPACK-2026.08-v1,90,81,79,93,25,58
mvm_058,Luis Díaz,Luis Díaz,Colombia,Liverpool,LW,Right,Gold,80,24,179,73,4,3,High/Low,Custom MVMPACK 2026,images/player_058.png,original illustrated portrait asset,MVMPACK-2026.08-v1,95,82,80,92,25,59
mvm_059,Frenkie de Jong,Frenkie de Jong,Netherlands,Barcelona,CM,Right,Silver,79,25,184,70,2,3,High/High,Custom MVMPACK 2026,images/player_059.png,original illustrated portrait asset,MVMPACK-2026.08-v1,74,60,85,85,65,72
mvm_060,Martín Zubimendi,Martin Zubimendi Ibáñez,Spain,Arsenal,CDM,Right,Silver,79,30,174,73,4,2,High/High,Custom MVMPACK 2026,images/player_060.png,original illustrated portrait asset,MVMPACK-2026.08-v1,69,51,79,73,82,81
mvm_061,Dani Olmo,Dani Olmo Carvajal,Spain,Barcelona,CAM,Right,Silver,79,31,173,75,3,5,Medium/High,Custom MVMPACK 2026,images/player_061.png,original illustrated portrait asset,MVMPACK-2026.08-v1,79,80,82,88,35,54
mvm_062,Mikel Oyarzabal,Mikel Oyarzabal Ugarte,Spain,Real Sociedad,LW,Left,Silver,79,32,183,76,2,4,High/Low,Custom MVMPACK 2026,images/player_062.png,original illustrated portrait asset,MVMPACK-2026.08-v1,97,81,79,95,27,59
mvm_063,Mikel Merino,Mikel Merino Zazón,Spain,Arsenal,CM,Left,Silver,78,22,174,71,3,4,High/High,Custom MVMPACK 2026,images/player_063.png,original illustrated portrait asset,MVMPACK-2026.08-v1,74,60,86,80,66,67
mvm_064,Gabriel Martinelli,Gabriel Martinelli Silva,Brazil,Arsenal,LW,Right,Silver,78,28,181,81,4,4,High/Low,Custom MVMPACK 2026,images/player_064.png,original illustrated portrait asset,MVMPACK-2026.08-v1,94,78,79,95,23,53
mvm_065,Gabriel Magalhães,Gabriel Teodoro Martinelli Silva,Brazil,Arsenal,CB,Left,Silver,78,31,192,82,5,5,Medium/High,Custom MVMPACK 2026,images/player_065.png,original illustrated portrait asset,MVMPACK-2026.08-v1,67,30,64,57,84,81
mvm_066,Willian Pacho,William Joel Pacho Tenorio,Ecuador,Paris Saint-Germain,CB,Left,Silver,78,30,195,83,3,3,Medium/High,Custom MVMPACK 2026,images/player_066.png,original illustrated portrait asset,MVMPACK-2026.08-v1,72,34,64,60,83,84
mvm_067,Marquinhos,Marquinhos Aoás Corrêa,Brazil,Paris Saint-Germain,CB,Right,Silver,78,27,185,69,5,2,Medium/High,Custom MVMPACK 2026,images/player_067.png,original illustrated portrait asset,MVMPACK-2026.08-v1,74,36,65,55,81,82
mvm_068,Fabián Ruiz,Fabián Ruiz Peña,Spain,Paris Saint-Germain,CM,Left,Silver,78,32,181,73,2,3,High/High,Custom MVMPACK 2026,images/player_068.png,original illustrated portrait asset,MVMPACK-2026.08-v1,68,59,87,81,65,67
mvm_069,Warren Zaïre-Emery,Warren Zaïre-Emery,France,Paris Saint-Germain,CM,Right,Silver,78,23,174,73,2,3,High/High,Custom MVMPACK 2026,images/player_069.png,original illustrated portrait asset,MVMPACK-2026.08-v1,69,60,86,80,69,65
mvm_070,Bradley Barcola,Bradley Barcola,France,Paris Saint-Germain,LW,Right,Silver,78,20,174,68,3,4,High/Low,Custom MVMPACK 2026,images/player_070.png,original illustrated portrait asset,MVMPACK-2026.08-v1,92,83,77,90,31,53
mvm_071,Rasmus Højlund,Rasmus Højlund,Denmark,Manchester United,ST,Left,Silver,78,30,187,74,4,4,High/Low,Custom MVMPACK 2026,images/player_071.png,original illustrated portrait asset,MVMPACK-2026.08-v1,83,94,59,78,19,81
mvm_072,Kobbie Mainoo,Kobbie Mainoo,England,Manchester United,CM,Right,Silver,77,27,173,67,3,4,High/High,Custom MVMPACK 2026,images/player_072.png,original illustrated portrait asset,MVMPACK-2026.08-v1,65,54,89,75,66,64
mvm_073,Mason Mount,Mason Mount,England,Manchester United,CAM,Right,Silver,77,23,180,75,2,3,Medium/High,Custom MVMPACK 2026,images/player_073.png,original illustrated portrait asset,MVMPACK-2026.08-v1,78,72,86,87,34,56
mvm_074,Lisandro Martínez,Lisandro Martínez,Argentina,Manchester United,CB,Left,Silver,77,20,184,82,4,5,Medium/High,Custom MVMPACK 2026,images/player_074.png,original illustrated portrait asset,MVMPACK-2026.08-v1,68,29,63,59,82,81
mvm_075,Matthijs de Ligt,Matthijs de Ligt,Netherlands,Manchester United,CB,Right,Silver,77,30,195,84,3,3,Medium/High,Custom MVMPACK 2026,images/player_075.png,original illustrated portrait asset,MVMPACK-2026.08-v1,66,32,66,52,79,86
mvm_076,Amad Diallo,Amad Diallo,Côte d’Ivoire,Manchester United,RW,Left,Silver,77,27,183,73,2,3,High/Low,Custom MVMPACK 2026,images/player_076.png,original illustrated portrait asset,MVMPACK-2026.08-v1,92,80,74,96,21,51
mvm_077,Alejandro Garnacho,Alejandro Garnacho Ferreyra,Argentina,Manchester United,LW,Right,Silver,77,22,181,77,2,2,High/Low,Custom MVMPACK 2026,images/player_077.png,original illustrated portrait asset,MVMPACK-2026.08-v1,88,80,76,93,28,53
mvm_078,Christopher Nkunku,Christopher Nkunku,France,Chelsea,CF,Right,Silver,77,21,182,80,5,4,Medium/High,Custom MVMPACK 2026,images/player_078.png,original illustrated portrait asset,MVMPACK-2026.08-v1,81,83,78,87,28,69
mvm_079,Nicolas Jackson,Nicolas Jackson,Senegal,Chelsea,ST,Right,Silver,77,21,187,70,3,2,High/Low,Custom MVMPACK 2026,images/player_079.png,original illustrated portrait asset,MVMPACK-2026.08-v1,82,88,66,78,19,75
mvm_080,Malo Gusto,Malo Gusto,France,Chelsea,RB,Right,Silver,76,30,186,75,5,4,Medium/High,Custom MVMPACK 2026,images/player_080.png,original illustrated portrait asset,MVMPACK-2026.08-v1,78,49,75,75,67,75
mvm_081,Levi Colwill,Levi Colwill,England,Chelsea,CB,Left,Silver,76,22,195,78,2,2,Medium/High,Custom MVMPACK 2026,images/player_081.png,original illustrated portrait asset,MVMPACK-2026.08-v1,71,29,66,52,85,85
mvm_082,Enzo Fernández,Enzo Fernández,Argentina,Chelsea,CM,Right,Silver,79,20,176,73,5,3,High/High,Custom MVMPACK 2026,images/player_082.png,original illustrated portrait asset,MVMPACK-2026.08-v1,68,59,90,81,63,65
mvm_083,Moisés Caicedo,Moises Isaac Caicedo Corozo,Ecuador,Chelsea,CDM,Right,Silver,78,20,187,80,3,4,High/High,Custom MVMPACK 2026,images/player_083.png,original illustrated portrait asset,MVMPACK-2026.08-v1,68,47,84,74,80,82
mvm_084,Youssoufa Moukoko,Youssoufa Moukoko,Germany,Nice,ST,Left,Silver,72,22,184,77,2,3,High/Low,Custom MVMPACK 2026,images/player_084.png,original illustrated portrait asset,MVMPACK-2026.08-v1,81,87,60,79,18,76
mvm_085,Dominik Szoboszlai,Dominik Szoboszlai,Hungary,Liverpool,CM,Right,Silver,78,23,172,78,2,2,High/High,Custom MVMPACK 2026,images/player_085.png,original illustrated portrait asset,MVMPACK-2026.08-v1,73,60,86,76,69,72
mvm_086,Alexis Mac Allister,Alexis Mac Allister,Argentina,Liverpool,CM,Right,Silver,79,22,175,69,4,4,High/High,Custom MVMPACK 2026,images/player_086.png,original illustrated portrait asset,MVMPACK-2026.08-v1,75,54,83,83,65,66
mvm_087,Ibrahima Konaté,Ibrahima Konaté,France,Liverpool,CB,Right,Silver,78,29,195,83,2,3,Medium/High,Custom MVMPACK 2026,images/player_087.png,original illustrated portrait asset,MVMPACK-2026.08-v1,70,28,64,58,81,83
mvm_088,Andy Robertson,Andy Robertson,Scotland,Liverpool,LB,Left,Silver,77,32,180,68,2,5,Medium/High,Custom MVMPACK 2026,images/player_088.png,original illustrated portrait asset,MVMPACK-2026.08-v1,80,44,70,78,69,75
mvm_089,Conor Bradley,Conor Bradley,Northern Ireland,Liverpool,RB,Right,Silver,74,24,178,71,4,5,Medium/High,Custom MVMPACK 2026,images/player_089.png,original illustrated portrait asset,MVMPACK-2026.08-v1,75,40,68,71,73,66
mvm_090,Diogo Jota,Diogo Jota,Portugal,Liverpool,ST,Right,Silver,77,23,189,80,2,3,High/Low,Custom MVMPACK 2026,images/player_090.png,original illustrated portrait asset,MVMPACK-2026.08-v1,82,86,59,81,21,80
mvm_091,Darwin Núñez,Darwin Núñez,Uruguay,Liverpool,ST,Left,Silver,76,20,185,78,4,3,High/Low,Custom MVMPACK 2026,images/player_091.png,original illustrated portrait asset,MVMPACK-2026.08-v1,85,91,59,85,17,79
mvm_092,Caoimhin Kelleher,Caoimhin Kelleher,Ireland,Brentford,GK,Right,Silver,74,30,184,68,3,4,Medium/High,Custom MVMPACK 2026,images/player_092.png,original illustrated portrait asset,MVMPACK-2026.08-v1,65,23,51,47,17,65
mvm_093,Reece James,Reece James,England,Chelsea,RB,Right,Silver,76,27,184,81,3,5,Medium/High,Custom MVMPACK 2026,images/player_093.png,original illustrated portrait asset,MVMPACK-2026.08-v1,78,42,77,70,74,68
mvm_094,Marc Cucurella,Marc Cucurella Saseta,Spain,Chelsea,LB,Left,Silver,76,22,183,78,4,3,Medium/High,Custom MVMPACK 2026,images/player_094.png,original illustrated portrait asset,MVMPACK-2026.08-v1,77,46,67,74,70,72
mvm_095,Pau Cubarsí,Pau Cubarsí Paredes,Spain,Barcelona,CB,Right,Silver,76,25,185,79,2,2,Medium/High,Custom MVMPACK 2026,images/player_095.png,original illustrated portrait asset,MVMPACK-2026.08-v1,66,31,59,57,80,82
mvm_096,Ronald Araújo,Ronald Federico Araújo da Silva,Uruguay,Barcelona,CB,Right,Silver,78,22,184,74,5,2,Medium/High,Custom MVMPACK 2026,images/player_096.png,original illustrated portrait asset,MVMPACK-2026.08-v1,72,32,67,58,84,87
mvm_097,Fermín López,Fermín López Martín,Spain,Barcelona,CAM,Right,Silver,74,25,176,65,4,3,Medium/High,Custom MVMPACK 2026,images/player_097.png,original illustrated portrait asset,MVMPACK-2026.08-v1,79,74,83,87,26,51
mvm_098,Ferran Torres,Ferran Torres García,Spain,Barcelona,RW,Right,Silver,75,26,172,67,5,5,High/Low,Custom MVMPACK 2026,images/player_098.png,original illustrated portrait asset,MVMPACK-2026.08-v1,93,77,74,92,22,49
mvm_099,Raphinha,Raphinha Dias Belloli,Brazil,Barcelona,RW,Left,Silver,79,20,183,77,4,2,High/Low,Custom MVMPACK 2026,images/player_099.png,original illustrated portrait asset,MVMPACK-2026.08-v1,99,79,79,96,28,55
mvm_100,Andreas Christensen,Andreas Bødtker Christensen,Denmark,Barcelona,CB,Right,Silver,74,28,183,78,4,2,Medium/High,Custom MVMPACK 2026,images/player_100.png,original illustrated portrait asset,MVMPACK-2026.08-v1,71,32,60,52,79,82
mvm_101,Jules Koundé,Koundé Jules Olivier,France,Barcelona,RB,Right,Silver,78,24,173,77,4,5,Medium/High,Custom MVMPACK 2026,images/player_101.png,original illustrated portrait asset,MVMPACK-2026.08-v1,82,42,71,78,72,71
mvm_102,Nicolas Pépé,François Laurent Prass,Côte d’Ivoire,Villarreal,RW,Left,Silver,73,22,179,72,5,2,High/Low,Custom MVMPACK 2026,images/player_102.png,original illustrated portrait asset,MVMPACK-2026.08-v1,91,73,76,89,25,49
mvm_103,Dani Carvajal,Dani Carvajal Ramos,Spain,Real Madrid,RB,Right,Silver,77,28,177,76,4,2,Medium/High,Custom MVMPACK 2026,images/player_103.png,original illustrated portrait asset,MVMPACK-2026.08-v1,78,48,76,70,68,74
mvm_104,Éder Militão,Éder Gabriel Militão,Brazil,Real Madrid,CB,Right,Silver,79,31,183,79,5,2,Medium/High,Custom MVMPACK 2026,images/player_104.png,original illustrated portrait asset,MVMPACK-2026.08-v1,71,31,69,59,86,88
mvm_105,Eduardo Camavinga,Eduardo Celmi Camavinga,France,Real Madrid,CM,Left,Silver,79,28,185,72,2,2,High/High,Custom MVMPACK 2026,images/player_105.png,original illustrated portrait asset,MVMPACK-2026.08-v1,74,55,85,81,69,72
mvm_106,Aurélien Tchouaméni,Aurélien Djani Tchouaméni,France,Real Madrid,CDM,Right,Silver,79,32,173,65,3,2,High/High,Custom MVMPACK 2026,images/player_106.png,original illustrated portrait asset,MVMPACK-2026.08-v1,61,49,83,72,79,78
mvm_107,Brahim Díaz,Brahim Abdelkader Díaz,Morocco,Real Madrid,CAM,Left,Silver,77,22,170,67,2,3,Medium/High,Custom MVMPACK 2026,images/player_107.png,original illustrated portrait asset,MVMPACK-2026.08-v1,74,77,84,91,33,56
mvm_108,Rodrygo,Rodrygo Silva de Goes,Brazil,Real Madrid,RW,Right,Silver,79,25,175,76,5,3,High/Low,Custom MVMPACK 2026,images/player_108.png,original illustrated portrait asset,MVMPACK-2026.08-v1,95,81,77,95,24,56
mvm_109,Arda Güler,Arda Güler,Turkey,Real Madrid,CAM,Left,Silver,76,27,184,73,2,2,Medium/High,Custom MVMPACK 2026,images/player_109.png,original illustrated portrait asset,MVMPACK-2026.08-v1,79,71,83,88,30,56
mvm_110,David Alaba,David Alaba,Austria,Real Madrid,CB,Left,Silver,76,21,190,79,5,3,Medium/High,Custom MVMPACK 2026,images/player_110.png,original illustrated portrait asset,MVMPACK-2026.08-v1,70,30,59,55,82,82
mvm_111,Nacho,Nacho Fernández,Spain,Al-Qadsiah,CB,Right,Silver,72,22,182,75,4,4,Medium/High,Custom MVMPACK 2026,images/player_111.png,original illustrated portrait asset,MVMPACK-2026.08-v1,66,25,60,57,76,80
mvm_112,Sandro Tonali,Sandro Tonali,Italy,Newcastle United,CM,Right,Silver,78,29,181,78,2,5,High/High,Custom MVMPACK 2026,images/player_112.png,original illustrated portrait asset,MVMPACK-2026.08-v1,67,60,89,76,70,68
mvm_113,Bruno Guimarães,Bruno Guimarães Rodriguez Moura,Brazil,Newcastle United,CM,Right,Silver,79,20,183,79,3,2,High/High,Custom MVMPACK 2026,images/player_113.png,original illustrated portrait asset,MVMPACK-2026.08-v1,71,58,83,83,66,70
mvm_114,Anthony Gordon,Anthony Gordon,England,Newcastle United,LW,Right,Silver,77,31,171,75,2,5,High/Low,Custom MVMPACK 2026,images/player_114.png,original illustrated portrait asset,MVMPACK-2026.08-v1,90,76,71,90,22,51
mvm_115,Harvey Barnes,Harvey Barnes,England,Newcastle United,LW,Right,Silver,75,23,181,67,2,3,High/Low,Custom MVMPACK 2026,images/player_115.png,original illustrated portrait asset,MVMPACK-2026.08-v1,93,74,75,88,27,54
mvm_116,Eberechi Eze,Eberechi Eze,England,Crystal Palace,CAM,Right,Silver,78,27,170,66,4,4,Medium/High,Custom MVMPACK 2026,images/player_116.png,original illustrated portrait asset,MVMPACK-2026.08-v1,78,76,81,86,34,60
mvm_117,Jean-Philippe Mateta,Jean-Philippe Mateta,France,Crystal Palace,ST,Right,Silver,73,27,184,74,4,3,High/Low,Custom MVMPACK 2026,images/player_117.png,original illustrated portrait asset,MVMPACK-2026.08-v1,84,88,56,75,21,80
mvm_118,Morgan Gibbs-White,Morgan Gibbs-White,England,Nottingham Forest,CAM,Right,Silver,76,20,171,76,5,5,Medium/High,Custom MVMPACK 2026,images/player_118.png,original illustrated portrait asset,MVMPACK-2026.08-v1,77,73,85,87,34,56
mvm_119,Murillo,Murillo Santiago Costa dos Santos,Brazil,Nottingham Forest,CB,Left,Silver,74,26,192,76,2,2,Medium/High,Custom MVMPACK 2026,images/player_119.png,original illustrated portrait asset,MVMPACK-2026.08-v1,67,32,60,56,78,78
mvm_120,Mats Hummels,Mats Hummels,Germany,Borussia Dortmund,CB,Right,Silver,74,27,185,82,4,4,Medium/High,Custom MVMPACK 2026,images/player_120.png,original illustrated portrait asset,MVMPACK-2026.08-v1,65,26,63,56,78,80
mvm_121,Serhou Guirassy,Serhou Guirassy,Guinea,Borussia Dortmund,ST,Right,Silver,76,31,188,73,5,4,High/Low,Custom MVMPACK 2026,images/player_121.png,original illustrated portrait asset,MVMPACK-2026.08-v1,87,88,59,83,22,79
mvm_122,Julian Brandt,Julian Brandt,Germany,Borussia Dortmund,CAM,Right,Silver,76,31,179,77,3,2,Medium/High,Custom MVMPACK 2026,images/player_122.png,original illustrated portrait asset,MVMPACK-2026.08-v1,73,77,84,88,27,53
mvm_123,Karim Adeyemi,Karim Adeyemi,Germany,Borussia Dortmund,LW,Left,Silver,77,29,180,76,2,4,High/Low,Custom MVMPACK 2026,images/player_123.png,original illustrated portrait asset,MVMPACK-2026.08-v1,91,76,71,88,22,53
mvm_124,Nico Schlotterbeck,Nico Schlotterbeck,Germany,Borussia Dortmund,CB,Left,Silver,76,20,188,71,5,4,Medium/High,Custom MVMPACK 2026,images/player_124.png,original illustrated portrait asset,MVMPACK-2026.08-v1,67,30,59,54,82,82
mvm_125,Piero Hincapié,Piero Martín Hincapié Reyna,Ecuador,Bayer Leverkusen,CB,Left,Silver,76,30,185,76,3,4,Medium/High,Custom MVMPACK 2026,images/player_125.png,original illustrated portrait asset,MVMPACK-2026.08-v1,68,34,62,59,82,85
mvm_126,Jeremie Frimpong,Jeremie Frimpong,Netherlands,Liverpool,RB,Right,Silver,77,32,186,75,4,2,Medium/High,Custom MVMPACK 2026,images/player_126.png,original illustrated portrait asset,MVMPACK-2026.08-v1,82,46,72,77,74,75
mvm_127,Jonathan Tah,Jonathan Tah,Germany,Bayern Munich,CB,Right,Silver,75,25,191,83,2,2,Medium/High,Custom MVMPACK 2026,images/player_127.png,original illustrated portrait asset,MVMPACK-2026.08-v1,71,27,58,58,86,86
mvm_128,Serge Gnabry,Serge Gnabry,Germany,Bayern Munich,RW,Right,Silver,77,20,183,72,3,4,High/Low,Custom MVMPACK 2026,images/player_128.png,original illustrated portrait asset,MVMPACK-2026.08-v1,96,81,79,90,26,52
mvm_129,Kingsley Coman,Kingsley Coman,France,Bayern Munich,LW,Right,Silver,77,20,172,67,4,5,High/Low,Custom MVMPACK 2026,images/player_129.png,original illustrated portrait asset,MVMPACK-2026.08-v1,89,76,73,87,27,56
mvm_130,Michael Olise,Michael Olise,France,Bayern Munich,RW,Left,Silver,79,23,175,73,2,3,High/Low,Custom MVMPACK 2026,images/player_130.png,original illustrated portrait asset,MVMPACK-2026.08-v1,98,79,75,95,30,54
mvm_131,Kim Min-jae,Kim Min-jae,South Korea,Bayern Munich,CB,Right,Silver,78,22,194,83,2,3,Medium/High,Custom MVMPACK 2026,images/player_131.png,original illustrated portrait asset,MVMPACK-2026.08-v1,67,31,67,53,86,88
mvm_132,Dayot Upamecano,Dayot Upamecano,France,Bayern Munich,CB,Right,Silver,78,29,193,78,3,2,Medium/High,Custom MVMPACK 2026,images/player_132.png,original illustrated portrait asset,MVMPACK-2026.08-v1,66,28,62,60,85,80
mvm_133,Konrad Laimer,Konrad Laimer,Austria,Bayern Munich,CM,Right,Silver,74,25,184,79,3,4,High/High,Custom MVMPACK 2026,images/player_133.png,original illustrated portrait asset,MVMPACK-2026.08-v1,65,57,87,75,59,67
mvm_134,Leroy Sané,Leroy Sané,Germany,Galatasaray,LW,Left,Silver,78,26,182,76,5,2,High/Low,Custom MVMPACK 2026,images/player_134.png,original illustrated portrait asset,MVMPACK-2026.08-v1,93,81,71,91,25,52
mvm_135,Thomas Müller,Thomas Müller,Germany,Vancouver Whitecaps,CF,Right,Silver,73,28,187,84,2,3,Medium/High,Custom MVMPACK 2026,images/player_135.png,original illustrated portrait asset,MVMPACK-2026.08-v1,79,76,79,87,23,64
mvm_136,Yann Sommer,Yann Sommer,Switzerland,Inter Milan,GK,Right,Silver,76,21,186,75,5,5,Medium/High,Custom MVMPACK 2026,images/player_136.png,original illustrated portrait asset,MVMPACK-2026.08-v1,59,24,52,52,19,70
mvm_137,Benjamin Pavard,Benjamin Pavard,France,Inter Milan,CB,Right,Silver,77,31,184,82,4,5,Medium/High,Custom MVMPACK 2026,images/player_137.png,original illustrated portrait asset,MVMPACK-2026.08-v1,69,35,62,58,82,79
mvm_138,Hakan Çalhanoğlu,Hakan Çalhanoğlu,Turkey,Inter Milan,CM,Right,Silver,79,32,184,80,2,3,High/High,Custom MVMPACK 2026,images/player_138.png,original illustrated portrait asset,MVMPACK-2026.08-v1,67,60,90,78,65,72
mvm_139,Denzel Dumfries,Denzel Dumfries,Netherlands,Inter Milan,RB,Right,Silver,76,24,184,78,3,3,Medium/High,Custom MVMPACK 2026,images/player_139.png,original illustrated portrait asset,MVMPACK-2026.08-v1,83,46,73,72,73,72
mvm_140,Marcus Thuram,Marcus Thuram,France,Inter Milan,ST,Right,Silver,79,25,188,75,5,5,High/Low,Custom MVMPACK 2026,images/player_140.png,original illustrated portrait asset,MVMPACK-2026.08-v1,84,94,64,80,21,79
mvm_141,Lorenzo Pellegrini,Lorenzo Pellegrini,Italy,Roma,CAM,Right,Silver,75,26,180,75,4,2,Medium/High,Custom MVMPACK 2026,images/player_141.png,original illustrated portrait asset,MVMPACK-2026.08-v1,76,71,86,92,27,57
mvm_142,Paulo Dybala,Paulo Bruno Dybala,Argentina,Roma,CF,Left,Silver,77,23,187,78,5,2,Medium/High,Custom MVMPACK 2026,images/player_142.png,original illustrated portrait asset,MVMPACK-2026.08-v1,86,86,76,83,22,66
mvm_143,Romelu Lukaku,Romelu Lukaku Bolingoli,Belgium,Napoli,ST,Left,Silver,78,22,184,75,5,4,High/Low,Custom MVMPACK 2026,images/player_143.png,original illustrated portrait asset,MVMPACK-2026.08-v1,82,88,65,85,25,79
mvm_144,Lucas Bergström,Lucas Bergström,Finland,Chelsea,GK,Right,Bronze,65,24,190,78,3,2,Medium/High,Custom MVMPACK 2026,images/player_144.png,original illustrated portrait asset,MVMPACK-2026.08-v1,56,15,42,47,16,58
mvm_145,Ethan Wheatley,Ethan Wheatley,England,Manchester United,ST,Right,Bronze,64,26,190,78,2,2,High/Low,Custom MVMPACK 2026,images/player_145.png,original illustrated portrait asset,MVMPACK-2026.08-v1,78,83,55,75,10,69
mvm_146,Toby Collyer,Toby Collyer,England,Manchester United,CDM,Right,Bronze,63,28,186,76,4,4,High/High,Custom MVMPACK 2026,images/player_146.png,original illustrated portrait asset,MVMPACK-2026.08-v1,55,38,73,63,71,67
mvm_147,Harry Amass,Harry Amass,England,Manchester United,LB,Left,Bronze,62,27,175,75,2,3,Medium/High,Custom MVMPACK 2026,images/player_147.png,original illustrated portrait asset,MVMPACK-2026.08-v1,73,32,64,63,66,61
mvm_148,Harrison Murray-Campbell,Harrison Murray-Campbell,England,Chelsea,CB,Right,Bronze,61,25,193,83,5,5,Medium/High,Custom MVMPACK 2026,images/player_148.png,original illustrated portrait asset,MVMPACK-2026.08-v1,55,20,52,49,72,75
mvm_149,Tyrique George,Tyrique George,England,Chelsea,RW,Right,Bronze,66,25,185,78,5,5,High/Low,Custom MVMPACK 2026,images/player_149.png,original illustrated portrait asset,MVMPACK-2026.08-v1,85,69,68,81,18,45
mvm_150,Carney Chukwuemeka,Chukwuemeka Carney,England,Crystal Palace,CM,Right,Bronze,69,21,183,73,5,2,High/High,Custom MVMPACK 2026,images/player_150.png,original illustrated portrait asset,MVMPACK-2026.08-v1,60,49,81,78,63,64
mvm_151,Lesley Ugochukwu,Lesley Ugochukwu,France,Southampton,CDM,Right,Bronze,69,22,180,68,5,3,High/High,Custom MVMPACK 2026,images/player_151.png,original illustrated portrait asset,MVMPACK-2026.08-v1,58,45,74,62,76,73
mvm_152,Roméo Lavia,Romeo Lavia,Belgium,Chelsea,CDM,Right,Bronze,69,24,177,69,5,5,High/High,Custom MVMPACK 2026,images/player_152.png,original illustrated portrait asset,MVMPACK-2026.08-v1,62,46,74,68,76,74
mvm_153,Josh Acheampong,Josh Acheampong,England,Chelsea,RB,Right,Bronze,60,20,175,70,2,2,Medium/High,Custom MVMPACK 2026,images/player_153.png,original illustrated portrait asset,MVMPACK-2026.08-v1,71,36,60,59,60,63
mvm_154,Kiernan Dewsbury-Hall,Kiernan Dewsbury-Hall,England,Chelsea,CM,Left,Bronze,69,28,172,75,5,5,High/High,Custom MVMPACK 2026,images/player_154.png,original illustrated portrait asset,MVMPACK-2026.08-v1,66,52,79,75,64,60
mvm_155,Omari Hutchinson,Omari Hutchinson,Jamaica,Ipswich Town,RW,Left,Bronze,69,26,178,76,4,5,High/Low,Custom MVMPACK 2026,images/player_155.png,original illustrated portrait asset,MVMPACK-2026.08-v1,89,71,70,83,24,51
mvm_156,Jobe Bellingham,Jobe Bellingham,England,Sunderland,CM,Right,Bronze,69,22,177,70,2,4,High/High,Custom MVMPACK 2026,images/player_156.png,original illustrated portrait asset,MVMPACK-2026.08-v1,63,48,82,73,62,65
mvm_157,Tom Fellows,Tom Fellows,England,Southampton,RM,Left,Bronze,65,30,171,73,4,5,Medium/High,Custom MVMPACK 2026,images/player_157.png,original illustrated portrait asset,MVMPACK-2026.08-v1,81,49,62,72,27,57
mvm_158,Samuel Edozie,Samuel Edozie,England,Anderlecht,LW,Right,Bronze,67,20,184,73,4,5,High/Low,Custom MVMPACK 2026,images/player_158.png,original illustrated portrait asset,MVMPACK-2026.08-v1,80,67,63,84,18,52
mvm_159,Facundo Buonanotte,Facundo Buonanotte,Argentina,Leicester City,CAM,Left,Bronze,69,23,171,71,5,4,Medium/High,Custom MVMPACK 2026,images/player_159.png,original illustrated portrait asset,MVMPACK-2026.08-v1,77,70,81,86,24,52
mvm_160,Bilal El Khannouss,Bilal El Khannouss,Morocco,Leicester City,CAM,Right,Bronze,69,18,182,75,3,4,Medium/High,Custom MVMPACK 2026,images/player_160.png,original illustrated portrait asset,MVMPACK-2026.08-v1,68,69,81,85,23,51
mvm_161,Abdul Fatawu Issahaku,Abdul Fatawu Issahaku,Ghana,Leicester City,RW,Left,Bronze,68,29,185,76,3,5,High/Low,Custom MVMPACK 2026,images/player_161.png,original illustrated portrait asset,MVMPACK-2026.08-v1,84,76,67,86,23,48
mvm_162,Yankuba Minteh,Yankuba Minteh,Gambia,Brighton,RW,Left,Bronze,69,24,178,74,3,5,High/Low,Custom MVMPACK 2026,images/player_162.png,original illustrated portrait asset,MVMPACK-2026.08-v1,86,70,73,88,18,44
mvm_163,Igor,Igor Julio dos Santos de Paulo,Brazil,Brighton,CB,Left,Bronze,67,28,184,79,3,3,Medium/High,Custom MVMPACK 2026,images/player_163.png,original illustrated portrait asset,MVMPACK-2026.08-v1,66,23,56,46,77,72
mvm_164,Carlos Baleba,Carlos Baleba,Cameroon,Brighton,CM,Left,Bronze,69,28,178,66,4,2,High/High,Custom MVMPACK 2026,images/player_164.png,original illustrated portrait asset,MVMPACK-2026.08-v1,66,51,78,74,57,59
mvm_165,Matt O’Riley,Matt O’Riley,Denmark,Brighton,CM,Left,Bronze,68,22,182,71,4,5,High/High,Custom MVMPACK 2026,images/player_165.png,original illustrated portrait asset,MVMPACK-2026.08-v1,62,49,75,71,57,57
mvm_166,Julio Enciso,Julio Enciso,Paraguay,Brighton,CAM,Right,Bronze,67,24,170,76,4,5,Medium/High,Custom MVMPACK 2026,images/player_166.png,original illustrated portrait asset,MVMPACK-2026.08-v1,66,71,74,80,24,47
mvm_167,Simon Adingra,Simon Adingra,Côte d’Ivoire,Brighton,LW,Right,Bronze,67,27,183,71,2,5,High/Low,Custom MVMPACK 2026,images/player_167.png,original illustrated portrait asset,MVMPACK-2026.08-v1,80,72,69,83,23,50
mvm_168,Jack Hinshelwood,Jack Hinshelwood,England,Brighton,CM,Right,Bronze,64,29,177,71,2,4,High/High,Custom MVMPACK 2026,images/player_168.png,original illustrated portrait asset,MVMPACK-2026.08-v1,57,47,76,71,56,54
mvm_169,Lewis Hall,Lewis Hall,England,Newcastle United,LB,Left,Bronze,69,24,178,75,3,3,Medium/High,Custom MVMPACK 2026,images/player_169.png,original illustrated portrait asset,MVMPACK-2026.08-v1,78,37,63,65,64,65
mvm_170,Tino Livramento,Valentino Livramento,England,Newcastle United,RB,Right,Bronze,69,21,175,79,3,5,Medium/High,Custom MVMPACK 2026,images/player_170.png,original illustrated portrait asset,MVMPACK-2026.08-v1,77,36,64,64,63,65
mvm_171,Joe Willock,Joe Willock,England,Newcastle United,CM,Right,Bronze,68,30,184,68,5,3,High/High,Custom MVMPACK 2026,images/player_171.png,original illustrated portrait asset,MVMPACK-2026.08-v1,64,52,82,72,55,61
mvm_172,Lewis Miley,Lewis Miley,England,Newcastle United,CM,Right,Bronze,68,18,180,69,4,2,High/High,Custom MVMPACK 2026,images/player_172.png,original illustrated portrait asset,MVMPACK-2026.08-v1,67,47,79,71,60,63
mvm_173,Jacob Murphy,Jacob Murphy,England,Newcastle United,RW,Left,Bronze,68,27,178,71,3,4,High/Low,Custom MVMPACK 2026,images/player_173.png,original illustrated portrait asset,MVMPACK-2026.08-v1,91,73,66,88,18,45
mvm_174,Eddie Nketiah,Eddie Nketiah,England,Crystal Palace,ST,Right,Bronze,69,21,177,77,2,2,High/Low,Custom MVMPACK 2026,images/player_174.png,original illustrated portrait asset,MVMPACK-2026.08-v1,82,81,53,79,17,75
mvm_175,Adam Wharton,Adam Wharton,England,Crystal Palace,CM,Right,Bronze,69,21,181,72,3,3,High/High,Custom MVMPACK 2026,images/player_175.png,original illustrated portrait asset,MVMPACK-2026.08-v1,63,49,83,75,60,66
mvm_176,Daniel Muñoz,Daniel Muñoz Mejía,Colombia,Crystal Palace,RB,Right,Bronze,69,28,179,77,4,4,Medium/High,Custom MVMPACK 2026,images/player_176.png,original illustrated portrait asset,MVMPACK-2026.08-v1,72,42,65,65,62,68
mvm_177,Jefferson Lerma,Jefferson Lerma,Colombia,Crystal Palace,CDM,Right,Bronze,68,27,176,66,2,5,High/High,Custom MVMPACK 2026,images/player_177.png,original illustrated portrait asset,MVMPACK-2026.08-v1,60,45,73,63,73,68
mvm_178,Daichi Kamada,Daichi Kamada,Japan,Crystal Palace,CAM,Right,Bronze,68,22,178,72,4,5,Medium/High,Custom MVMPACK 2026,images/player_178.png,original illustrated portrait asset,MVMPACK-2026.08-v1,74,66,75,86,24,50
mvm_179,Cheick Doucouré,Cheick Doucouré,Mali,Crystal Palace,CDM,Right,Bronze,67,26,177,72,3,2,High/High,Custom MVMPACK 2026,images/player_179.png,original illustrated portrait asset,MVMPACK-2026.08-v1,57,38,71,62,71,72
mvm_180,Nuno Tavares,Nuno Tavares,Portugal,Lazio,LB,Left,Bronze,68,25,180,68,5,3,Medium/High,Custom MVMPACK 2026,images/player_180.png,original illustrated portrait asset,MVMPACK-2026.08-v1,71,33,66,66,70,63
mvm_181,Boulaye Dia,Boulaye Dia,Senegal,Lazio,ST,Right,Bronze,68,27,178,69,2,2,High/Low,Custom MVMPACK 2026,images/player_181.png,original illustrated portrait asset,MVMPACK-2026.08-v1,74,80,57,77,11,69
mvm_182,Mattéo Guendouzi,Mattéo Guendouzi,France,Lazio,CM,Right,Bronze,69,28,180,70,2,5,High/High,Custom MVMPACK 2026,images/player_182.png,original illustrated portrait asset,MVMPACK-2026.08-v1,64,55,84,78,60,61
mvm_183,Luca Pellegrini,Luca Pellegrini,Italy,Lazio,LB,Left,Bronze,66,23,181,81,3,3,Medium/High,Custom MVMPACK 2026,images/player_183.png,original illustrated portrait asset,MVMPACK-2026.08-v1,73,36,62,68,64,63
mvm_184,Nuno Santos,Nuno Miguel Ribeiro da Silva,Portugal,Sporting CP,LW,Right,Bronze,66,20,183,77,5,3,High/Low,Custom MVMPACK 2026,images/player_184.png,original illustrated portrait asset,MVMPACK-2026.08-v1,85,70,63,87,21,48
mvm_185,Geovany Quenda,Geovany Quenda,Portugal,Sporting CP,RW,Left,Bronze,68,27,175,72,2,3,High/Low,Custom MVMPACK 2026,images/player_185.png,original illustrated portrait asset,MVMPACK-2026.08-v1,87,71,73,87,16,51
mvm_186,Morten Hjulmand,Morten Hjulmand,Denmark,Sporting CP,CDM,Right,Bronze,69,24,173,68,3,2,High/High,Custom MVMPACK 2026,images/player_186.png,original illustrated portrait asset,MVMPACK-2026.08-v1,59,45,76,63,73,74
mvm_187,Viktor Gyökeres,Viktor Gyökeres,Sweden,Sporting CP,ST,Right,Silver,79,21,190,71,4,3,High/Low,Custom MVMPACK 2026,images/player_187.png,original illustrated portrait asset,MVMPACK-2026.08-v1,86,89,66,83,24,79
mvm_188,Pedro Gonçalves,Pedro Gonçalves,Portugal,Sporting CP,CAM,Right,Bronze,69,22,184,70,4,2,Medium/High,Custom MVMPACK 2026,images/player_188.png,original illustrated portrait asset,MVMPACK-2026.08-v1,71,70,77,87,23,53
mvm_189,Francisco Trincão,Trincão,Portugal,Sporting CP,RW,Left,Bronze,68,27,176,71,3,3,High/Low,Custom MVMPACK 2026,images/player_189.png,original illustrated portrait asset,MVMPACK-2026.08-v1,84,72,72,84,18,46
mvm_190,Gonçalo Inácio,Gonçalo Inácio,Portugal,Sporting CP,CB,Left,Bronze,69,20,189,78,4,3,Medium/High,Custom MVMPACK 2026,images/player_190.png,original illustrated portrait asset,MVMPACK-2026.08-v1,62,26,62,54,74,80
mvm_191,João Mário,João Mário,Portugal,Benfica,CM,Right,Bronze,69,27,182,73,5,3,High/High,Custom MVMPACK 2026,images/player_191.png,original illustrated portrait asset,MVMPACK-2026.08-v1,61,53,76,71,61,61
mvm_192,Florentino Luís,Florentino Luís,Portugal,Benfica,CDM,Right,Bronze,68,28,185,70,5,4,High/High,Custom MVMPACK 2026,images/player_192.png,original illustrated portrait asset,MVMPACK-2026.08-v1,57,41,77,65,74,73
mvm_193,Ángel Di María,Ángel Di María,Argentina,Rosario Central,RW,Left,Silver,77,30,171,68,4,4,High/Low,Custom MVMPACK 2026,images/player_193.png,original illustrated portrait asset,MVMPACK-2026.08-v1,97,81,75,95,26,57
mvm_194,Orkun Kökçü,Orkun Kökçü,Turkey,Benfica,CM,Right,Silver,72,28,183,76,4,4,High/High,Custom MVMPACK 2026,images/player_194.png,original illustrated portrait asset,MVMPACK-2026.08-v1,64,54,86,80,63,67
mvm_195,António Silva,António Silva,Portugal,Benfica,CB,Right,Bronze,69,27,189,75,5,2,Medium/High,Custom MVMPACK 2026,images/player_195.png,original illustrated portrait asset,MVMPACK-2026.08-v1,60,29,55,50,82,77
mvm_196,Kerem Aktürkoğlu,Kerem Aktürkoğlu,Turkey,Benfica,LW,Right,Bronze,69,30,174,74,3,5,High/Low,Custom MVMPACK 2026,images/player_196.png,original illustrated portrait asset,MVMPACK-2026.08-v1,88,75,65,84,21,53
mvm_197,Arthur Theate,Arthur Theate,Belgium,Eintracht Frankfurt,CB,Left,Bronze,68,30,187,80,5,3,Medium/High,Custom MVMPACK 2026,images/player_197.png,original illustrated portrait asset,MVMPACK-2026.08-v1,66,25,53,46,81,73
mvm_198,Omar Marmoush,Omar Marmoush,Egypt,Manchester City,ST,Right,Silver,79,31,184,73,3,5,High/Low,Custom MVMPACK 2026,images/player_198.png,original illustrated portrait asset,MVMPACK-2026.08-v1,88,93,61,83,23,82
mvm_199,Hugo Larsson,Hugo Larsson,Sweden,Eintracht Frankfurt,CM,Right,Bronze,67,24,183,70,5,3,High/High,Custom MVMPACK 2026,images/player_199.png,original illustrated portrait asset,MVMPACK-2026.08-v1,65,53,77,76,55,57
mvm_200,Niels Nkounkou,Niels Nkounkou,France,Eintracht Frankfurt,LB,Left,Bronze,66,23,177,74,5,2,Medium/High,Custom MVMPACK 2026,images/player_200.png,original illustrated portrait asset,MVMPACK-2026.08-v1,76,34,61,70,64,66
mvm_201,Ansgar Knauff,Ansgar Knauff,Germany,Eintracht Frankfurt,RW,Right,Bronze,67,30,172,66,2,4,High/Low,Custom MVMPACK 2026,images/player_201.png,original illustrated portrait asset,MVMPACK-2026.08-v1,88,70,71,85,17,48
mvm_202,Ellyes Skhiri,Ellyes Skhiri,Tunisia,Eintracht Frankfurt,CDM,Right,Bronze,67,25,178,74,4,2,High/High,Custom MVMPACK 2026,images/player_202.png,original illustrated portrait asset,MVMPACK-2026.08-v1,54,38,73,64,71,68
mvm_203,Robin Koch,Robin Koch,Germany,Eintracht Frankfurt,CB,Right,Bronze,68,25,182,77,3,4,Medium/High,Custom MVMPACK 2026,images/player_203.png,original illustrated portrait asset,MVMPACK-2026.08-v1,66,22,54,46,77,78
mvm_204,Noa Lang,Noa Lang,Netherlands,PSV,LW,Right,Bronze,69,18,171,66,4,2,High/Low,Custom MVMPACK 2026,images/player_204.png,original illustrated portrait asset,MVMPACK-2026.08-v1,87,69,67,85,17,53
mvm_205,Malik Tillman,Malik Tillman,USA,PSV,CAM,Right,Bronze,69,23,182,80,5,5,Medium/High,Custom MVMPACK 2026,images/player_205.png,original illustrated portrait asset,MVMPACK-2026.08-v1,76,66,80,81,27,47
mvm_206,Johan Bakayoko,Johan Bakayoko,Belgium,PSV,RW,Left,Bronze,69,23,171,76,2,5,High/Low,Custom MVMPACK 2026,images/player_206.png,original illustrated portrait asset,MVMPACK-2026.08-v1,86,69,73,87,20,52
mvm_207,Joey Veerman,Joey Veerman,Netherlands,PSV,CM,Right,Bronze,68,18,176,74,2,4,High/High,Custom MVMPACK 2026,images/player_207.png,original illustrated portrait asset,MVMPACK-2026.08-v1,61,53,75,71,58,59
mvm_208,Ricardo Pepi,Ricardo Pepi,USA,PSV,ST,Right,Bronze,67,19,191,85,5,5,High/Low,Custom MVMPACK 2026,images/player_208.png,original illustrated portrait asset,MVMPACK-2026.08-v1,73,85,57,76,14,71
mvm_209,Ismael Saibari,Ismael Saibari,Morocco,PSV,CM,Right,Bronze,68,20,179,76,3,2,High/High,Custom MVMPACK 2026,images/player_209.png,original illustrated portrait asset,MVMPACK-2026.08-v1,66,53,83,70,56,62
mvm_210,Youssouf Fofana,Youssouf Fofana,France,AC Milan,CDM,Right,Bronze,69,28,178,77,3,5,High/High,Custom MVMPACK 2026,images/player_210.png,original illustrated portrait asset,MVMPACK-2026.08-v1,60,42,72,63,76,74
mvm_211,Samuel Chukwueze,Samuel Chukwueze,Nigeria,AC Milan,RW,Left,Bronze,69,25,177,71,2,4,High/Low,Custom MVMPACK 2026,images/player_211.png,original illustrated portrait asset,MVMPACK-2026.08-v1,84,71,75,84,17,50
mvm_212,Tijjani Reijnders,Tijjani Reijnders,Netherlands,Manchester City,CM,Right,Silver,79,22,174,73,5,2,High/High,Custom MVMPACK 2026,images/player_212.png,original illustrated portrait asset,MVMPACK-2026.08-v1,68,58,88,79,64,73
mvm_213,Riyad Mahrez,Riyad Mahrez,Algeria,Al Ahli,RW,Left,Silver,77,24,178,77,3,3,High/Low,Custom MVMPACK 2026,images/player_213.png,original illustrated portrait asset,MVMPACK-2026.08-v1,90,77,79,88,26,56
mvm_214,Sadio Mané,Sadio Mané,Senegal,Al Nassr,LW,Right,Silver,77,27,177,70,5,5,High/Low,Custom MVMPACK 2026,images/player_214.png,original illustrated portrait asset,MVMPACK-2026.08-v1,95,79,72,87,22,57
mvm_215,Dušan Vlahović,Dušan Vlahović,Serbia,Juventus,ST,Left,Silver,76,30,188,74,3,4,High/Low,Custom MVMPACK 2026,images/player_215.png,original illustrated portrait asset,MVMPACK-2026.08-v1,84,85,58,82,22,83
mvm_216,Federico Chiesa,Federico Chiesa,Italy,Liverpool,LW,Right,Silver,75,32,176,71,3,3,High/Low,Custom MVMPACK 2026,images/player_216.png,original illustrated portrait asset,MVMPACK-2026.08-v1,87,78,74,90,23,52
mvm_217,Kenan Yıldız,Kenan Yıldız,Turkey,Juventus,CAM,Right,Silver,74,24,171,67,2,2,Medium/High,Custom MVMPACK 2026,images/player_217.png,original illustrated portrait asset,MVMPACK-2026.08-v1,76,71,85,83,29,55
mvm_218,Teun Koopmeiners,Teun Koopmeiners,Netherlands,Juventus,CM,Left,Silver,75,29,181,78,4,4,High/High,Custom MVMPACK 2026,images/player_218.png,original illustrated portrait asset,MVMPACK-2026.08-v1,70,55,85,76,61,68
mvm_219,Manuel Locatelli,Manuel Locatelli,Italy,Juventus,CDM,Right,Silver,74,22,184,73,2,4,High/High,Custom MVMPACK 2026,images/player_219.png,original illustrated portrait asset,MVMPACK-2026.08-v1,62,48,81,72,80,76
mvm_220,Andrea Cambiaso,Andrea Cambiaso,Italy,Juventus,LB,Right,Silver,72,22,171,72,5,4,Medium/High,Custom MVMPACK 2026,images/player_220.png,original illustrated portrait asset,MVMPACK-2026.08-v1,78,40,70,74,73,69
